{
"type": "FeatureCollection",
"name": "caves",
"crs": { "type": "name", "properties": { "name": "urn:ogc:def:crs:OGC:1.3:CRS84" } },
"features": [
{ "type": "Feature", "properties": { "full_id": "n659865250", "osm_id": "659865250", "osm_type": "node", "natural": "cave_entrance", "ele": null, "name": "Grotta della miniera" }, "geometry": { "type": "Point", "coordinates": [ 12.48829, 42.50264 ] } },
{ "type": "Feature", "properties": { "full_id": "n2282648285", "osm_id": "2282648285", "osm_type": "node", "natural": "cave_entrance", "ele": null, "name": null }, "geometry": { "type": "Point", "coordinates": [ 12.4942, 42.49873 ] } },
{ "type": "Feature", "properties": { "full_id": "n4798501461", "osm_id": "4798501461", "osm_type": "node", "natural": "cave_entrance", "ele": "300", "name": "Grotta del Curvone" }, "geometry": { "type": "Point", "coordinates": [ 12.52282, 42.49401 ] } },
{ "type": "Feature", "properties": { "full_id": "n4798501464", "osm_id": "4798501464", "osm_type": "node", "natural": "cave_entrance", "ele": "280", "name": "Grotta dei Cappuccini" }, "geometry": { "type": "Point", "coordinates": [ 12.54755, 42.50372 ] } },
{ "type": "Feature", "properties": { "full_id": "n4801781963", "osm_id": "4801781963", "osm_type": "node", "natural": "cave_entrance", "ele": "382", "name": "Grotta del Bastione" }, "geometry": { "type": "Point", "coordinates": [ 12.52311, 42.5115 ] } },
{ "type": "Feature", "properties": { "full_id": "n4801781965", "osm_id": "4801781965", "osm_type": "node", "natural": "cave_entrance", "ele": "390", "name": "Grotta di Piero" }, "geometry": { "type": "Point", "coordinates": [ 12.50451, 42.51179 ] } },
{ "type": "Feature", "properties": { "full_id": "n4801781966", "osm_id": "4801781966", "osm_type": "node", "natural": "cave_entrance", "ele": null, "name": "Grotta 2a della strada Statale Ortana" }, "geometry": { "type": "Point", "coordinates": [ 12.51449, 42.50844 ] } },
{ "type": "Feature", "properties": { "full_id": "n4801781967", "osm_id": "4801781967", "osm_type": "node", "natural": "cave_entrance", "ele": "100", "name": "Grotta 1a della strada Statale Ortana" }, "geometry": { "type": "Point", "coordinates": [ 12.5145, 42.50816 ] } },
{ "type": "Feature", "properties": { "full_id": "n4801781968", "osm_id": "4801781968", "osm_type": "node", "natural": "cave_entrance", "ele": "280", "name": "Grotta di Montepilli" }, "geometry": { "type": "Point", "coordinates": [ 12.51783, 42.50651 ] } },
{ "type": "Feature", "properties": { "full_id": "n4801781969", "osm_id": "4801781969", "osm_type": "node", "natural": "cave_entrance", "ele": "275", "name": "Grotta D'Orlando" }, "geometry": { "type": "Point", "coordinates": [ 12.5177, 42.50579 ] } },
{ "type": "Feature", "properties": { "full_id": "n4801781970", "osm_id": "4801781970", "osm_type": "node", "natural": "cave_entrance", "ele": "275", "name": "Grotta del Presepe" }, "geometry": { "type": "Point", "coordinates": [ 12.52061, 42.50262 ] } },
{ "type": "Feature", "properties": { "full_id": "n4801781971", "osm_id": "4801781971", "osm_type": "node", "natural": "cave_entrance", "ele": "85", "name": "Grotta del Fiume" }, "geometry": { "type": "Point", "coordinates": [ 12.51228, 42.50373 ] } },
{ "type": "Feature", "properties": { "full_id": "n4801781972", "osm_id": "4801781972", "osm_type": "node", "natural": "cave_entrance", "ele": "98", "name": "Galleria di Recentino" }, "geometry": { "type": "Point", "coordinates": [ 12.5106, 42.50457 ] } },
{ "type": "Feature", "properties": { "full_id": "n4801781973", "osm_id": "4801781973", "osm_type": "node", "natural": "cave_entrance", "ele": "90", "name": "Grotta della Sorgente" }, "geometry": { "type": "Point", "coordinates": [ 12.50923, 42.50317 ] } },
{ "type": "Feature", "properties": { "full_id": "n4801781974", "osm_id": "4801781974", "osm_type": "node", "natural": "cave_entrance", "ele": "170", "name": "Grotta del Cimitero" }, "geometry": { "type": "Point", "coordinates": [ 12.50577, 42.50117 ] } },
{ "type": "Feature", "properties": { "full_id": "n4801781975", "osm_id": "4801781975", "osm_type": "node", "natural": "cave_entrance", "ele": "176", "name": "Buca di Taizzano" }, "geometry": { "type": "Point", "coordinates": [ 12.50132, 42.49756 ] } },
{ "type": "Feature", "properties": { "full_id": "n4801781976", "osm_id": "4801781976", "osm_type": "node", "natural": "cave_entrance", "ele": "310", "name": "Grotta del Monastero" }, "geometry": { "type": "Point", "coordinates": [ 12.49848, 42.50293 ] } },
{ "type": "Feature", "properties": { "full_id": "n4801781977", "osm_id": "4801781977", "osm_type": "node", "natural": "cave_entrance", "ele": "300", "name": "Grotta della Topa" }, "geometry": { "type": "Point", "coordinates": [ 12.49643, 42.50094 ] } },
{ "type": "Feature", "properties": { "full_id": "n4801781978", "osm_id": "4801781978", "osm_type": "node", "natural": "cave_entrance", "ele": "290", "name": "Grotta dello Svizzero" }, "geometry": { "type": "Point", "coordinates": [ 12.49562, 42.50122 ] } },
{ "type": "Feature", "properties": { "full_id": "n4801781979", "osm_id": "4801781979", "osm_type": "node", "natural": "cave_entrance", "ele": "180", "name": "Grotta di Stifone o del Pungitopo" }, "geometry": { "type": "Point", "coordinates": [ 12.49533, 42.49568 ] } },
{ "type": "Feature", "properties": { "full_id": "n4801781980", "osm_id": "4801781980", "osm_type": "node", "natural": "cave_entrance", "ele": "185", "name": "Grotta di Stifone 2a o dell'Ossa" }, "geometry": { "type": "Point", "coordinates": [ 12.49506, 42.49539 ] } },
{ "type": "Feature", "properties": { "full_id": "n4801781981", "osm_id": "4801781981", "osm_type": "node", "natural": "cave_entrance", "ele": "130", "name": "Caverna presso la diga di Stifone" }, "geometry": { "type": "Point", "coordinates": [ 12.49031, 42.49877 ] } },
{ "type": "Feature", "properties": { "full_id": "n4801781982", "osm_id": "4801781982", "osm_type": "node", "natural": "cave_entrance", "ele": "230", "name": "Buca delle Streghe" }, "geometry": { "type": "Point", "coordinates": [ 12.48893, 42.5065 ] } },
{ "type": "Feature", "properties": { "full_id": "n4801781983", "osm_id": "4801781983", "osm_type": "node", "natural": "cave_entrance", "ele": "196", "name": "Grotta di Podere Lubriano" }, "geometry": { "type": "Point", "coordinates": [ 12.48727, 42.50512 ] } },
{ "type": "Feature", "properties": { "full_id": "n4801781984", "osm_id": "4801781984", "osm_type": "node", "natural": "cave_entrance", "ele": "218", "name": "Grotta du Fossu" }, "geometry": { "type": "Point", "coordinates": [ 12.48838, 42.50485 ] } },
{ "type": "Feature", "properties": { "full_id": "n4801781985", "osm_id": "4801781985", "osm_type": "node", "natural": "cave_entrance", "ele": "230", "name": "Grotta dell'Orso" }, "geometry": { "type": "Point", "coordinates": [ 12.48894, 42.50483 ] } },
{ "type": "Feature", "properties": { "full_id": "n4801781986", "osm_id": "4801781986", "osm_type": "node", "natural": "cave_entrance", "ele": "195", "name": "Grotta dei Nuovi" }, "geometry": { "type": "Point", "coordinates": [ 12.48811, 42.50428 ] } },
{ "type": "Feature", "properties": { "full_id": "n4801781987", "osm_id": "4801781987", "osm_type": "node", "natural": "cave_entrance", "ele": "273", "name": "Grotta Celeste" }, "geometry": { "type": "Point", "coordinates": [ 12.49265, 42.50341 ] } },
{ "type": "Feature", "properties": { "full_id": "n4801781988", "osm_id": "4801781988", "osm_type": "node", "natural": "cave_entrance", "ele": "280", "name": "Grotta dei Veli" }, "geometry": { "type": "Point", "coordinates": [ 12.49292, 42.50331 ] } },
{ "type": "Feature", "properties": { "full_id": "n4801781991", "osm_id": "4801781991", "osm_type": "node", "natural": "cave_entrance", "ele": "95", "name": "Grotta del Ponte" }, "geometry": { "type": "Point", "coordinates": [ 12.48533, 42.50178 ] } },
{ "type": "Feature", "properties": { "full_id": "n4801817761", "osm_id": "4801817761", "osm_type": "node", "natural": "cave_entrance", "ele": "290", "name": "Buca o Soffiatoio presso il Podere Monti" }, "geometry": { "type": "Point", "coordinates": [ 12.47644, 42.52027 ] } },
{ "type": "Feature", "properties": { "full_id": "n4801817762", "osm_id": "4801817762", "osm_type": "node", "natural": "cave_entrance", "ele": "330", "name": "Buca dei Cani" }, "geometry": { "type": "Point", "coordinates": [ 12.4845, 42.52066 ] } },
{ "type": "Feature", "properties": { "full_id": "n4801817763", "osm_id": "4801817763", "osm_type": "node", "natural": "cave_entrance", "ele": "330", "name": "Grotta della Polveriera" }, "geometry": { "type": "Point", "coordinates": [ 12.48477, 42.5215 ] } },
{ "type": "Feature", "properties": { "full_id": "n4801817764", "osm_id": "4801817764", "osm_type": "node", "natural": "cave_entrance", "ele": "350", "name": "Buca del Casalino" }, "geometry": { "type": "Point", "coordinates": [ 12.48728, 42.51873 ] } },
{ "type": "Feature", "properties": { "full_id": "n4801817765", "osm_id": "4801817765", "osm_type": "node", "natural": "cave_entrance", "ele": "100", "name": "Grotta innominata" }, "geometry": { "type": "Point", "coordinates": [ 12.51088, 42.52261 ] } },
{ "type": "Feature", "properties": { "full_id": "n4801817766", "osm_id": "4801817766", "osm_type": "node", "natural": "cave_entrance", "ele": "100", "name": "Grotta di San Casciano" }, "geometry": { "type": "Point", "coordinates": [ 12.51184, 42.52125 ] } },
{ "type": "Feature", "properties": { "full_id": "n4801817767", "osm_id": "4801817767", "osm_type": "node", "natural": "cave_entrance", "ele": "94", "name": "Grotta di Narni" }, "geometry": { "type": "Point", "coordinates": [ 12.51172, 42.52095 ] } },
{ "type": "Feature", "properties": { "full_id": "n4801817768", "osm_id": "4801817768", "osm_type": "node", "natural": "cave_entrance", "ele": "237", "name": "Grotta di Casa Rossa" }, "geometry": { "type": "Point", "coordinates": [ 12.50756, 42.51956 ] } },
{ "type": "Feature", "properties": { "full_id": "n4801817769", "osm_id": "4801817769", "osm_type": "node", "natural": "cave_entrance", "ele": "246", "name": "Grotta Mearelli" }, "geometry": { "type": "Point", "coordinates": [ 12.51839, 42.51705 ] } },
{ "type": "Feature", "properties": { "full_id": "n4801817770", "osm_id": "4801817770", "osm_type": "node", "natural": "cave_entrance", "ele": "194", "name": "Grotta del Corno" }, "geometry": { "type": "Point", "coordinates": [ 12.51394, 42.51761 ] } },
{ "type": "Feature", "properties": { "full_id": "n4801817771", "osm_id": "4801817771", "osm_type": "node", "natural": "cave_entrance", "ele": "195", "name": "Grotta del Gradino 3a" }, "geometry": { "type": "Point", "coordinates": [ 12.51416, 42.5179 ] } },
{ "type": "Feature", "properties": { "full_id": "n4801817772", "osm_id": "4801817772", "osm_type": "node", "natural": "cave_entrance", "ele": "170", "name": "Grotta del Gradino 2a" }, "geometry": { "type": "Point", "coordinates": [ 12.51372, 42.51784 ] } },
{ "type": "Feature", "properties": { "full_id": "n4801817773", "osm_id": "4801817773", "osm_type": "node", "natural": "cave_entrance", "ele": "170", "name": "Grotta del Gradino 1a" }, "geometry": { "type": "Point", "coordinates": [ 12.51366, 42.51789 ] } },
{ "type": "Feature", "properties": { "full_id": "n4801817774", "osm_id": "4801817774", "osm_type": "node", "natural": "cave_entrance", "ele": "110", "name": "Grotta dei Grilli" }, "geometry": { "type": "Point", "coordinates": [ 12.51171, 42.51706 ] } },
{ "type": "Feature", "properties": { "full_id": "n4801817775", "osm_id": "4801817775", "osm_type": "node", "natural": "cave_entrance", "ele": "160", "name": "Grotta (o caverna) dell'Eremita" }, "geometry": { "type": "Point", "coordinates": [ 12.5109, 42.51625 ] } },
{ "type": "Feature", "properties": { "full_id": "n4801817776", "osm_id": "4801817776", "osm_type": "node", "natural": "cave_entrance", "ele": "168", "name": "Grotta inferiore dell'Eremo" }, "geometry": { "type": "Point", "coordinates": [ 12.51088, 42.51622 ] } },
{ "type": "Feature", "properties": { "full_id": "n4801817777", "osm_id": "4801817777", "osm_type": "node", "natural": "cave_entrance", "ele": "165", "name": "Grotta della Capra" }, "geometry": { "type": "Point", "coordinates": [ 12.51144, 42.51596 ] } },
{ "type": "Feature", "properties": { "full_id": "n4801817778", "osm_id": "4801817778", "osm_type": "node", "natural": "cave_entrance", "ele": "165", "name": "Grotta della Rupe" }, "geometry": { "type": "Point", "coordinates": [ 12.51116, 42.51594 ] } },
{ "type": "Feature", "properties": { "full_id": "n4801817779", "osm_id": "4801817779", "osm_type": "node", "natural": "cave_entrance", "ele": "190", "name": "Grotta dei Cocci" }, "geometry": { "type": "Point", "coordinates": [ 12.5106, 42.51567 ] } },
{ "type": "Feature", "properties": { "full_id": "n4801817780", "osm_id": "4801817780", "osm_type": "node", "natural": "cave_entrance", "ele": "280", "name": "Grotta della Rupe del Monte Santa Croce" }, "geometry": { "type": "Point", "coordinates": [ 12.50978, 42.51651 ] } },
{ "type": "Feature", "properties": { "full_id": "n4801817781", "osm_id": "4801817781", "osm_type": "node", "natural": "cave_entrance", "ele": "220", "name": "Grotta del Monte Santa Croce" }, "geometry": { "type": "Point", "coordinates": [ 12.50894, 42.51651 ] } },
{ "type": "Feature", "properties": { "full_id": "n4801817782", "osm_id": "4801817782", "osm_type": "node", "natural": "cave_entrance", "ele": "225", "name": "Grotta di San Jago" }, "geometry": { "type": "Point", "coordinates": [ 12.50866, 42.5165 ] } },
{ "type": "Feature", "properties": { "full_id": "n4801817783", "osm_id": "4801817783", "osm_type": "node", "natural": "cave_entrance", "ele": "220", "name": "Grotta dei Cocci Superiore" }, "geometry": { "type": "Point", "coordinates": [ 12.51045, 42.5143 ] } },
{ "type": "Feature", "properties": { "full_id": "n9601093073", "osm_id": "9601093073", "osm_type": "node", "natural": "cave_entrance", "ele": null, "name": "Grotta degli archi" }, "geometry": { "type": "Point", "coordinates": [ 12.49216, 42.50674 ] } }
]
}
